{
  "epoch": [
    1,
    2,
    3,
    4,
    5,
    6,
    7,
    8,
    9,
    10,
    11,
    12,
    13,
    14,
    15,
    16,
    17,
    18,
    19,
    20,
    21,
    22,
    23,
    24,
    25,
    26,
    27,
    28,
    29,
    30,
    31,
    32,
    33,
    34,
    35,
    36,
    37,
    38,
    39,
    40,
    41,
    42,
    43,
    44,
    45,
    46,
    47,
    48,
    49,
    50,
    51,
    52,
    53,
    54,
    55,
    56,
    57,
    58,
    59,
    60,
    61,
    62,
    63,
    64,
    65,
    66,
    67,
    68,
    69,
    70,
    71,
    72,
    73,
    74,
    75,
    76,
    77,
    78,
    79,
    80,
    81,
    82,
    83,
    84,
    85,
    86,
    87,
    88,
    89,
    90,
    91,
    92,
    93,
    94,
    95,
    96,
    97,
    98,
    99,
    100,
    101,
    102,
    103,
    104,
    105,
    106,
    107,
    108,
    109,
    110,
    111,
    112,
    113,
    114,
    115,
    116,
    117,
    118,
    119,
    120,
    121,
    122,
    123,
    124,
    125,
    126,
    127,
    128,
    129,
    130,
    131,
    132,
    133,
    134,
    135,
    136,
    137,
    138,
    139,
    140,
    141,
    142,
    143,
    144,
    145,
    146,
    147,
    148,
    149,
    150,
    151,
    152,
    153,
    154,
    155,
    156,
    157,
    158,
    159,
    160,
    161,
    162,
    163,
    164,
    165,
    166,
    167,
    168,
    169,
    170,
    171,
    172,
    173,
    174,
    175,
    176,
    177,
    178,
    179,
    180,
    181,
    182,
    183,
    184
  ],
  "train": [
    0.09937900278617307,
    0.03768744659715327,
    0.03154282389066608,
    0.027888875302074657,
    0.025713570233786974,
    0.02388572027462161,
    0.02254414250600641,
    0.021660204341116828,
    0.02061472794088393,
    0.02001652387917926,
    0.019272893834280345,
    0.01881070500621204,
    0.01805118377429649,
    0.0179056145233039,
    0.01724648490182445,
    0.01709600020230269,
    0.01690428918405136,
    0.01601565268159039,
    0.016113596158378395,
    0.015552818859364353,
    0.015183946152946434,
    0.014894848271459867,
    0.014856722484747906,
    0.014600405270578392,
    0.014367172935198845,
    0.014048317275970312,
    0.013839664879533867,
    0.013233611806779889,
    0.013303731150838341,
    0.012910753310957954,
    0.012949186397287574,
    0.012652475471703051,
    0.012201870174514193,
    0.012317393126366082,
    0.011965198946148578,
    0.011650421301338369,
    0.01161007937106388,
    0.011402076253296523,
    0.011311776743508549,
    0.011172787809387996,
    0.01123825065830412,
    0.011132233195390952,
    0.010942793365911248,
    0.010562372638740035,
    0.010555032565222926,
    0.010471291851257579,
    0.010294003235860228,
    0.009940109145301421,
    0.010194946033913,
    0.010002645012451662,
    0.009828195698680304,
    0.009701253899891392,
    0.009578173089243662,
    0.009592453403579924,
    0.00943154370162957,
    0.00934643970702454,
    0.009328599188277513,
    0.008952984339386582,
    0.009038028494049768,
    0.008783239225224239,
    0.008729350486261202,
    0.00886474074210477,
    0.008526739565718729,
    0.008643623442279891,
    0.00854959788894686,
    0.008409756443451427,
    0.008083214323410613,
    0.008388259354880143,
    0.008116253738085697,
    0.00822285665143255,
    0.007819682837853281,
    0.007839378875832857,
    0.007823885939055053,
    0.0077537103689448005,
    0.007794595087054949,
    0.007742001589155482,
    0.007787317982059246,
    0.007294355105841532,
    0.007288239164508769,
    0.007241002544445001,
    0.007424350748924502,
    0.007295617288242273,
    0.007008830857305987,
    0.00687101395655355,
    0.007189871919588686,
    0.006891497074988787,
    0.006798976090622245,
    0.006712174881315438,
    0.006621984722182197,
    0.0066221843720749175,
    0.0064558412387735594,
    0.006520638338472342,
    0.006328237463248562,
    0.006297184393799069,
    0.006376044922718768,
    0.00622431373532459,
    0.006048555435835763,
    0.006149692042917539,
    0.006112950150414217,
    0.00609663819509761,
    0.005967651004261747,
    0.005892873119735843,
    0.0058235708879153004,
    0.005831761406681969,
    0.00563088521966612,
    0.005638851955298552,
    0.005642094954265884,
    0.005381637736821171,
    0.005525445513580834,
    0.005319379874515626,
    0.005300001312875305,
    0.00544961626041453,
    0.005388599981739328,
    0.005200167084489305,
    0.005129390245602442,
    0.005002693771591836,
    0.005031354859781104,
    0.005010862196358263,
    0.0049827796247383935,
    0.004798489802163147,
    0.004778833736897062,
    0.004661316138979621,
    0.004707442920355424,
    0.004545364529675459,
    0.004594830396643703,
    0.004593814180620964,
    0.0044322805311862975,
    0.004325078212982307,
    0.004274872842181992,
    0.004371983727563888,
    0.004206080519953363,
    0.004198153347772083,
    0.004019645627137171,
    0.004020602227991715,
    0.004117131985763106,
    0.004004793145347223,
    0.003926583084119629,
    0.003925974134110456,
    0.0038375698430707025,
    0.0037746451637085455,
    0.0037644842379275277,
    0.0037564899872131463,
    0.003771100282258983,
    0.003646340840897328,
    0.0036607569157235367,
    0.0035733763899441708,
    0.003452075488092891,
    0.0033903612309144704,
    0.0034499730832863594,
    0.0034577557360812613,
    0.0033047687635384764,
    0.003203836978979785,
    0.0032161908198491997,
    0.0031054046730222156,
    0.0032088989906789442,
    0.0030715269433726797,
    0.0029874703750722336,
    0.003055924676103178,
    0.0030146166175598274,
    0.002905788029433724,
    0.0029431424834520494,
    0.002815093389148449,
    0.002931679647616808,
    0.0028436075688886,
    0.002850830217986664,
    0.002761610320791119,
    0.0028013868330491807,
    0.002677027764080663,
    0.0027452225319090453,
    0.0026813112766173467,
    0.002669344660937839,
    0.0026575346169396405,
    0.002753431907347548,
    0.0025677975208758664,
    0.0025554639276810644,
    0.002455940331979576,
    0.0025097966800852597,
    0.002502740986713788,
    0.0024491448805588206,
    0.0025462257688528647,
    0.0024460719221185744,
    0.002385856057502432,
    0.0024105934513335534,
    0.0024733979441258413
  ],